"","ntaxa","mpd.obs","mpd.rand.mean","mpd.rand.sd","mpd.obs.rank","mpd.obs.z","mpd.obs.p","runs"
"Acanthacris_ruficornis",16,144.866622541667,276.206596028662,19.8285916298785,1,-6.62376713074705,0.001,999
"Achatina_fulica",101,271.30471101901,275.930574216551,7.23548900026033,260,-0.639329725658463,0.26,999
"Acoloithus_falsarius",1,NA,NA,NA,NA,NA,NA,999
"Adoretus_sinicus",40,267.086399937179,275.553410734218,12.0408590511218,230,-0.703189926988575,0.23,999
"Agriotes_lineatus",39,227.059745217274,276.047154292038,12.7063788000209,1,-3.85533989232902,0.001,999
"Agrotis_segetum",67,244.146695747626,276.015817675585,9.30469041109313,2,-3.42505989129579,0.002,999
"Albonectria_rigidiuscula",22,275.926887285714,276.529282664877,16.3465248849838,457,-0.0368515867073426,0.457,999
"Aleurocanthus_spiniferus",23,232.120207146245,276.537453025761,16.4594421465122,8,-2.69858756354801,0.008,999
"Alfalfa_mosaic_virus",41,169.227409582927,275.847467990627,11.5904528673789,1,-9.19895534951701,0.001,999
"Alternaria_alternata",230,271.313296833909,276.10389803651,3.90675958749662,123,-1.22623394025381,0.123,999
"Altica_ampelophaga",1,NA,NA,NA,NA,NA,NA,999
"Amaranthus_blitum",10,267.964735555556,275.738089378779,26.6557888540604,330,-0.291619725298026,0.33,999
"Ameroseius_pavidus",1,NA,NA,NA,NA,NA,NA,999
"Ametastegia",16,127.474873733333,275.383419252519,20.6807106596106,1,-7.15200497476381,0.001,999
"Ampelophaga_rubiginosa",2,0.594936,277.83850262963,86.325029102387,1,-3.21162436332111,0.001,999
"Amphicerus_bicaudatus",1,NA,NA,NA,NA,NA,NA,999
"Amphicerus_bimaculatus",2,233.75492,277.926357854855,81.9855875088154,216,-0.538770766875402,0.216,999
"Amyelois_transitella",13,116.564409,276.195859764611,21.792511560663,1,-7.32505981792187,0.001,999
"Anacridium_rubrispinum",4,267.817020166667,276.146488313814,45.9221905744937,386,-0.181382204179378,0.386,999
"Anagallis_arvensis",34,264.564292789661,275.977802910108,13.4992931203271,187,-0.845489465167647,0.187,999
"Anastrepha_fraterculus",54,216.121589728861,275.899426995363,10.2460414489644,1,-5.83423730659844,0.001,999
"Anomala_cuprea",7,145.011281809524,274.461445986081,32.0032853879922,1,-4.0449023469674,0.001,999
"Anomala_dubia",1,NA,NA,NA,NA,NA,NA,999
"Antispila_oinophylla",1,NA,NA,NA,NA,NA,NA,999
"Anystis_baccarum",2,233.75492,277.926357854855,81.9855875088154,216,-0.538770766875402,0.216,999
"Aonidiella_aurantii",109,267.288677040435,276.006850941697,6.91648221501858,102,-1.26049249173686,0.102,999
"Aonidiella_inornata",23,272.753236007905,275.62760073411,16.4876860401694,408,-0.174334028389526,0.408,999
"Aonidiella_orientalis",110,263.803416714429,275.721845234212,6.99040771565034,52,-1.70496900961873,0.052,999
"Apate_monachus",28,229.127781301587,276.208167594939,14.5736532073478,2,-3.23051369642956,0.002,999
"Aphis_fabae",59,220.694699296318,276.17167753131,9.99370198020677,1,-5.55119397645322,0.001,999
"Aphis_gossypii",76,253.987123909474,275.734668769255,8.69118438049115,11,-2.50225330722442,0.011,999
"Aphis_illinoisensis",1,NA,NA,NA,NA,NA,NA,999
"Aphis_spiraecola",62,228.80101017504,275.707159178096,9.76058237238861,1,-4.80567113861435,0.001,999
"Arabis_mosaic_virus",27,223.97870397151,275.292052426027,15.3591722529673,1,-3.34089282998984,0.001,999
"Arboridia_adanae",1,NA,NA,NA,NA,NA,NA,999
"Arboridia_kakogowana",1,NA,NA,NA,NA,NA,NA,999
"Argyrotaenia_ljungiana",4,136.253990666667,277.710879147314,45.6251724054577,3,-3.10041323731472,0.003,999
"Armillaria_luteobubalina",30,159.337169508046,275.711528534466,13.6407836923312,1,-8.53135433060526,0.001,999
"Armillaria_mellea",103,242.381710416905,275.709147263587,7.04454934689285,1,-4.73095370697942,0.001,999
"Artichoke_Italian_latent_virus",3,168.910629333333,276.852882696697,60.1711319663185,40,-1.79392093577008,0.04,999
"Aspergillus_niger",143,271.294821421058,275.900099732712,5.78045773518737,205,-0.796697860728363,0.205,999
"Aspidiotus_destructor",124,283.63450137582,275.815307594299,6.35521465932491,888,1.2303587212507,0.888,999
"Aspidiotus_ligusticus",2,238.331011,274.124406444444,83.7413188576486,398.5,-0.427428131449535,0.3985,999
"Aspidiotus_nerii",133,271.773159816359,275.775030097176,6.11192519789895,254,-0.654764276597019,0.254,999
"Asterococcus_muratae",18,171.520416372549,276.268436680877,18.7510062393722,1,-5.58626129025463,0.001,999
"Asymmetrasca_decedens",24,189.548034836957,275.814857635073,16.3293238989445,1,-5.28293904462837,0.001,999
"Autographa_gamma",25,240.186563466667,275.856546028322,15.8104078875643,24,-2.25610767383878,0.024,999
"Bactrocera_tryoni",82,244.577853264077,275.912667847322,8.11715345419502,2,-3.86032058652906,0.002,999
"Botryosphaeria_dothidea",60,219.764498666667,275.391998744132,9.9803928045075,1,-5.57367842800157,0.001,999
"Botryosphaeria_obtusa",51,217.00517171451,275.925995856379,10.8017261357597,1,-5.45476004495319,0.001,999
"Botryosphaeria_parva",45,226.94861320404,275.762970699694,11.5163104845647,1,-4.23871495658952,0.001,999
"Botryosphaeria_stevensii",24,227.647064731884,276.469171375967,15.7792626768251,6,-3.0940676788268,0.006,999
"Botryotinia_fuckeliana",195,255.347021332805,275.932593097711,4.41034954486487,1,-4.66756014585616,0.001,999
"Botryotinia_pseudofuckeliana",4,233.7163185,275.587289837504,45.888366687378,299,-0.912452858101424,0.299,999
"Botrytis_prunorum",4,206.264066166667,278.585793721555,44.9475045276083,59,-1.60902653695637,0.059,999
"Botrytis_pseudocinerea",5,210.9703442,276.072890925526,39.9509297758936,53,-1.62956274336345,0.053,999
"Brevipalpus_californicus",23,216.657921968379,275.656775099028,16.8429105083928,2,-3.50288942645925,0.002,999
"Brevipalpus_chilensis",7,235.618364,277.202009301969,31.9207920791837,149,-1.30271345393983,0.149,999
"Brevipalpus_lewisi",7,207.402522666667,276.419084857715,31.6502767988581,12,-2.18059900801683,0.012,999
"Broad_bean_wilt_virus",24,199.144994681159,275.983589992137,15.9505483795323,1,-4.81730116624558,0.001,999
"Bromus_tectorum",5,251.7163824,277.563156665265,39.2661917008419,262,-0.658244997686167,0.262,999
"Cactodera_milleri",2,238.331012,276.468695394394,83.2679070083293,400,-0.458011793073885,0.4,999
"Cadra_figulilella",2,376.566485,276.570512832833,84.6359862889577,812.5,1.18148291940226,0.8125,999
"Calepitrimerus_vitis",1,NA,NA,NA,NA,NA,NA,999
"Campylocarpon_fasciculare",1,NA,NA,NA,NA,NA,NA,999
"Candidatus_Phytoplasma_asteris",109,265.991906711859,275.711826643278,6.80216348572977,74,-1.4289453571369,0.074,999
"Candidatus_Phytoplasma_australiense",14,200.646990395604,274.781915654556,22.8650735789509,2,-3.24227800986384,0.002,999
"Candidatus_Phytoplasma_solani",62,222.507129494447,276.446755283859,9.54997890647573,1,-5.64814083022068,0.001,999
"Carnation_ringspot_virus",5,116.7658952,277.501595878278,39.6464023209961,1,-4.05423168984882,0.001,999
"Ceratitis_capitata",105,234.558780884615,275.766559850255,6.94898328131971,1,-5.93004433848828,0.001,999
"Ceratitis_rosa",64,240.172143960813,276.077489072633,9.63606869603836,1,-3.72614042556388,0.001,999
"Ceresa_alta",51,130.352010547451,276.144161077897,10.1630445819916,1,-14.3453223445248,0.001,999
"Ceroplastes_actiniformis",12,309.839885681818,274.842434029408,24.2850249696508,952,1.44111244259154,0.952,999
"Ceroplastes_cirripediformis",79,226.372448495294,275.970714260451,8.39408124359272,1,-5.90871881339196,0.001,999
"Ceroplastes_rusci",71,262.779869442254,275.601167089465,8.99679652315196,79,-1.42509587876276,0.079,999
"Ceroplastes_sinensis",12,107.240590136364,276.343602703992,23.7432518551211,1,-7.12215047877509,0.001,999
"Cerosterna_scabrator",1,NA,NA,NA,NA,NA,NA,999
"Chaetocnema_confinis",31,245.193547784946,274.975110993531,13.9316702379398,24,-2.1376879225494,0.024,999
"Cherry_leaf_roll_virus",14,203.225059395604,275.694166870222,22.675633674764,3,-3.19590219678267,0.003,999
"Chinavia_hilaris",44,194.144080744186,276.173942031875,12.0423218873501,1,-6.81179776251105,0.001,999
"Chlidaspis_asiatica",21,49.9166687142857,275.750274785995,16.5816241154527,1,-13.6195106401701,0.001,999
"Chorizococcus_viticola",1,NA,NA,NA,NA,NA,NA,999
"Chrysomphalus_aonidum",80,277.385153270886,276.01428960406,8.18374168855941,559,0.167510622768361,0.559,999
"Chrysomphalus_dictyospermi",120,267.819870678431,275.888766222123,6.51925240844431,117,-1.23770258277464,0.117,999
"Chrysomphalus_pinnulifer",36,279.793494771429,276.042740868934,12.8985785020032,581,0.29078815947913,0.581,999
"Cirsium_arvense",83,257.730422293271,275.953688895782,8.21209741926416,19,-2.21907579417687,0.019,999
"Cirsium_vulgare",23,250.039404948617,276.326379156564,15.8910180822199,65,-1.65420327835125,0.065,999
"Citrus_exocortis_viroid",16,157.668563866667,275.906479286136,19.8655766938669,1,-5.95189947120806,0.001,999
"Clematis_vitalba",1,NA,NA,NA,NA,NA,NA,999
"clover_phyllody_phytoplasma",22,201.267385593074,276.755462961849,17.228164649696,1,-4.38166681731289,0.001,999
"Cnephasia_longana",10,119.951311111111,275.196704936069,25.7739234582694,1,-6.02335124011354,0.001,999
"Coccus_hesperidum_hesperidum",150,274.402808000089,275.954584457444,5.42315619783551,379,-0.286138993741954,0.379,999
"Coccus_longulus",90,265.733505748564,276.015548495618,7.90638903953731,97,-1.30047265516995,0.097,999
"Coccus_microogenes",1,NA,NA,NA,NA,NA,NA,999
"Colaspis_caligula",1,NA,NA,NA,NA,NA,NA,999
"Colletotrichum_acutatum",72,234.297902426448,275.771422267207,9.14985216893584,1,-4.53269835129834,0.001,999
"Colletotrichum_capsici",96,264.558785721491,275.696975758658,7.30328405631032,77,-1.52509336228588,0.077,999
"Colletotrichum_nymphaeae",17,214.057031455882,276.206709881749,19.4431202423924,2,-3.19648686275984,0.002,999
"Colomerus_vitis",6,99.9627006666667,275.379276529062,35.1840799825386,1,-4.9856803403543,0.001,999
"Commelina_benghalensis",36,261.115059965079,275.454031804145,13.1671206538385,143,-1.08899828717571,0.143,999
"Commelina_diffusa",34,276.447801051693,275.533760259636,13.6111445535743,499,0.0671538523788284,0.499,999
"Comstockaspis_perniciosa",67,207.904394919946,275.76868620017,8.9994900865404,1,-7.54090405429993,0.001,999
"Coniella_diplodiella",4,196.015575666667,275.04030017651,48.2732895953202,39,-1.63702795422303,0.039,999
"Coniella_petrakii",1,NA,NA,NA,NA,NA,NA,999
"Conogethes_punctiferalis",25,270.810856646667,275.555106873807,15.7045438635574,349,-0.302094111637942,0.349,999
"Conotrachelus_nenuphar",25,152.855947426667,275.725368972059,15.3841814401802,1,-7.98673767747455,0.001,999
"Conyza_bonariensis",13,289.19289925641,275.80231989433,22.6055248638622,709,0.592358701809513,0.709,999
"Conyza_canadensis",32,273.431730241935,275.581289155617,13.9549484745961,423,-0.154035603756969,0.423,999
"Cornu_aspersum",57,286.115594037594,276.214547188512,10.0818700438606,835,0.98206451838877,0.835,999
"Costelytra_zealandica",25,175.238192413333,275.59920158301,15.6640533108728,1,-6.40709062832499,0.001,999
"Cotinis_nitida",3,161.115022,273.848008964965,58.098589053254,17,-1.94037391960814,0.017,999
"Crenulaspidiotus_lahillei",2,235.069479,277.913869892893,84.2833269826864,280,-0.508337679903097,0.28,999
"Criconema_mutabile",62,291.588336734003,276.172955841531,9.39718740730642,952,1.64042497231527,0.952,999
"Criconema_permistum",1,NA,NA,NA,NA,NA,NA,999
"Criconemella",62,252.905781851401,276.326999464536,9.1567036475794,10,-2.55782195368155,0.01,999
"Criconemella_xenoplax",3,227.336974666667,275.565074665999,56.5938165728659,161,-0.852179671205559,0.161,999
"Criconemoides_sp.",84,278.569996754446,275.88432799706,8.14685451865231,601,0.329657139603741,0.601,999
"Crocidosema_plebejana",13,263.865134025641,275.50703475804,23.118794385659,281,-0.503568678288033,0.281,999
"Crypticerya_palmeri",4,122.220259666667,275.230001660994,46.8726325514427,2,-3.2643726982136,0.002,999
"Cryptinglisia_lounsburyi",1,NA,NA,NA,NA,NA,NA,999
"Ctenopseustis_obliquana",16,185.803027883333,274.035261318819,20.2128992625018,1,-4.36514486564381,0.001,999
"Cucumber_mosaic_virus",82,264.775351387534,275.705238528704,7.96296912927716,87,-1.37258941529546,0.087,999
"Cylindrocarpon_liriodendri",6,261.953489466667,275.096352835168,35.4797385558736,269,-0.370432926043252,0.269,999
"Cylindrocarpon_olidum",5,324.086119,274.853115993794,40.0914537366682,898,1.22801740564416,0.898,999
"Cylindrocarpon_olidum_var. crassum",1,NA,NA,NA,NA,NA,NA,999
"Cylindrocladiella_lageniformis",1,NA,NA,NA,NA,NA,NA,999
"Cylindrocladiella_parva",12,313.890789742424,276.381870775336,22.7668310708668,968,1.64752480704642,0.968,999
"Cylindrocladium_peruvianum",9,265.282376222222,275.799581460182,27.2391747772508,366,-0.386105868623591,0.366,999
"Dactylonectria_pauciseptata",4,261.185793166667,274.693414431265,46.5763517723452,386,-0.290010289569698,0.386,999
"Datura_stramonium",19,284.89471871345,275.301180261735,17.9399642947737,669,0.534757945672706,0.669,999
"Deilephila_elpenor",8,242.064862285714,276.327895239239,29.5061164291577,131,-1.16121798122055,0.131,999
"Diabrotica_speciosa",41,250.227162804878,275.873077315811,11.7781635779939,19,-2.1774119828705,0.019,999
"Diaporthe_ambigua",12,201.42131430303,276.205586840007,23.3518113397823,3,-3.20250414191954,0.003,999
"Diaporthe_eres",49,216.39832537415,275.700752827904,10.7346090071737,1,-5.52441429530635,0.001,999
"Diaporthe_gulyae",3,237.24384,276.112882918252,57.776066651338,448,-0.67275335915155,0.448,999
"Diaporthe_helianthi",4,146.226110166667,275.704759361028,47.5546863776415,8,-2.72273163923624,0.008,999
"Diaporthe_medusaea",20,228.311470368421,275.700963641594,17.8452842212067,8,-2.65557514723454,0.008,999
"Diaspidiotus_osborni",39,174.636094674764,275.243140620904,12.1651206428807,1,-8.27012315780178,0.001,999
"Diaspidiotus_uvae",17,204.1359525,276.4500184937,19.4151505223633,1,-3.72462041488706,0.001,999
"Diaspidiotus_viticola",1,NA,NA,NA,NA,NA,NA,999
"Dikrella_cockerellii",1,NA,NA,NA,NA,NA,NA,999
"Dimargarodes_meridionalis",1,NA,NA,NA,NA,NA,NA,999
"Diplodia_africana",2,235.069479,277.237821718719,78.2794922772676,282,-0.538689527639724,0.282,999
"Diplodia_corticola",1,NA,NA,NA,NA,NA,NA,999
"Diplodia_olivarum",5,213.8966458,276.798038533534,40.6768243555694,77,-1.54636930807803,0.077,999
"Ditylenchus_dipsaci",114,255.563320870828,275.751238644728,6.67583347280059,1,-3.02402956217409,0.001,999
"Ditylenchus_sp.",39,282.659932164642,275.463248379108,12.0920427363957,712,0.595158646261919,0.712,999
"Dociostaurus_maroccanus",82,239.397310982234,275.919517651117,8.24006503437274,1,-4.43227165277624,0.001,999
"Drepanothrips_reuteri",1,NA,NA,NA,NA,NA,NA,999
"Drosophila_melanogaster",35,172.758620309244,275.152112754166,13.1107818914359,1,-7.80986925820242,0.001,999
"Drosophila_simulans",13,119.97167774359,275.792135866148,22.4329431521547,1,-6.94605505241483,0.001,999
"Drosophila_suzukii",48,194.435923836879,275.504571892703,10.7720179769899,1,-7.525855250984,0.001,999
"Duplaspidiotus_fossor",3,2.44843333333333,276.58839845312,59.3096416866754,1,-4.62218211615625,0.001,999
"Duplaspidiotus_tesseratus",31,180.943626653763,275.607202501727,14.3062769472225,1,-6.61692599669284,0.001,999
"Dysmicoccus_brevipes",114,284.36824846204,276.129160467589,6.59065530915506,904,1.25011665881022,0.904,999
"Dysmicoccus_umbambae",2,235.06948,278.970468974975,86.4311319227531,311.5,-0.507930279268019,0.3115,999
"Edwardsiana_rosae",7,135.088843619048,273.853287423328,32.2255599848718,2,-4.30603669476723,0.002,999
"Eleusine_indica",19,262.488582888889,276.456752187123,18.4274054876607,209,-0.758010632999164,0.209,999
"ElsinoÃ«_ampelina",2,235.069482,275.401154062062,83.3202480304198,319,-0.484056072988851,0.319,999
"Emex_australis",49,236.67795464966,275.906367614984,11.0451547698725,1,-3.55163995278058,0.001,999
"Empoasca_decipiens",33,212.997793723485,275.734691948069,13.2499938060919,1,-4.7348624567462,0.001,999
"Empoasca_solani",3,159.642204,274.356918958959,57.371447362856,17,-1.99950881896748,0.017,999
"Empoasca_vitis",3,230.626988666667,274.11202502636,56.2460011140873,260,-0.773122275332777,0.26,999
"Endoclita_signifer",2,235.069482,276.686495892893,85.6033496048974,327.5,-0.486161044923783,0.3275,999
"Eotetranychus_carpini",8,128.590920821429,275.15986126237,30.1422734264538,1,-4.86257086077348,0.001,999
"Eotetranychus_carpini_vitis",1,NA,NA,NA,NA,NA,NA,999
"Eotetranychus_pruni",3,158.941764,276.444716336336,56.694345422406,14,-2.07256916824545,0.014,999
"Eotetranychus_willamettei",1,NA,NA,NA,NA,NA,NA,999
"Epicoccum_nigrum",78,276.572013588745,276.194879387763,8.06552143390403,484,0.0467588120708799,0.484,999
"Epiphyas_postvittana",79,196.420641540409,275.738286495405,8.27213059218811,1,-9.58853877741015,0.001,999
"Eragrostis_cilianensis",12,261.074287636364,274.821280300604,23.4135428190022,254,-0.587138510840106,0.254,999
"Erysiphe_necator",6,186.9583022,275.846142297698,36.0664120811473,9,-2.46456009812413,0.009,999
"Erythroneura_comes",3,2.44843333333333,276.58839845312,59.3096416866754,1,-4.62218211615625,0.001,999
"Erythroneura_elegantula",18,89.8126374575163,275.113609781795,18.5855342018355,1,-9.97017197955916,0.001,999
"Erythroneura_variabilis",1,NA,NA,NA,NA,NA,NA,999
"Erythroneura_ziczac",1,NA,NA,NA,NA,NA,NA,999
"Eudocima_fullonia",48,239.805754940603,275.327433333017,10.8759692717157,2,-3.26607013177142,0.002,999
"Eulecanium_tiliae",46,152.897779743961,275.727675454845,10.9123603123297,1,-11.2560337264616,0.001,999
"Euphorbia_helioscopia",24,241.524900086957,275.375118399457,15.7874744912195,29,-2.14411863856549,0.029,999
"Euphorbia_hirta",56,275.424333298701,276.073470397599,10.0815467938129,457,-0.0643886411652602,0.457,999
"Eupoecilia_ambiguella",4,197.144532833333,276.026357708375,46.246873198427,30,-1.70566828456902,0.03,999
"Euproctis_chrysorrhoea",37,125.489531039039,275.33872454517,12.3780457057308,1,-12.106046226405,0.001,999
"Eurhizococcus_brasiliensis",41,219.790732380488,275.909058624798,11.6719845169782,1,-4.80795070989685,0.001,999
"Euseius_scutalis",1,NA,NA,NA,NA,NA,NA,999
"Eutypa_lata",40,195.243599569231,275.865805675291,12.5355502365635,1,-6.43148522279481,0.001,999
"Ferrisia_cristinae",7,313.11756352381,276.724164201058,32.033097025688,893,1.13611866169439,0.893,999
"Ferrisia_gilli",31,215.898622253763,275.491640381922,13.566813711034,1,-4.39255814942686,0.001,999
"Ferrisia_virgata",123,275.521034506198,276.111202545925,6.44956987128357,451,-0.0915050230489013,0.451,999
"Fidia_viticida",1,NA,NA,NA,NA,NA,NA,999
"Fomitiporia_mediterranea",6,260.853250066667,275.332708379713,35.2894523575513,266,-0.410305554371916,0.266,999
"Forficula_auricularia",19,229.004406923977,274.906527072933,18.5791052462542,12,-2.47063136467298,0.012,999
"Formicococcus_robustus",28,210.439718465608,276.235118712292,15.1454484405944,1,-4.34423586100834,0.001,999
"Frankliniella_cestrum",9,163.825695666667,275.565938327494,27.2707543390703,1,-4.09743864329926,0.001,999
"Frankliniella_occidentalis",55,224.496545024916,276.299620606051,10.2509919527494,1,-5.05346953932995,0.001,999
"Fumaria_officinalis",38,235.717533495021,276.341887823083,12.688318974871,4,-3.20171288320523,0.004,999
"Fusarium_oxysporum",197,280.224923695224,275.976803360859,4.51440369499081,822,0.941014721186485,0.822,999
"Fusarium_proliferatum",45,295.703376393939,275.422644565525,11.4571750055847,974,1.77013372131687,0.974,999
"Galium_aparine",19,262.410022619883,275.420080894953,18.3434778323101,212,-0.70924709011039,0.212,999
"Geococcus_coffeae",50,268.301998332245,275.422441329504,10.9091629956038,241,-0.65270296173306,0.241,999
"Gibberella_intricans",100,273.415010206667,276.266329252156,7.12402287582512,336,-0.400240018201643,0.336,999
"Gibberella_sacchari",18,274.955808411765,275.80772504513,18.2865401992474,441,-0.0465870866814097,0.441,999
"Gibberella_zeae",93,262.108626328658,275.970900868848,7.490378367371,37,-1.85067747719866,0.037,999
"Globisporangium_irregulare",54,266.646381690426,275.751340662367,10.5655242232459,188,-0.861761213126439,0.188,999
"Glyptoscelis_squamulata",1,NA,NA,NA,NA,NA,NA,999
"Gonocephalum_simplex",8,206.473107035714,276.824514378521,30.375454525488,12,-2.31606105791027,0.012,999
"Gracilacus_mira",1,NA,NA,NA,NA,NA,NA,999
"Grapevine_asteroid_mosaic-associated_virus",1,NA,NA,NA,NA,NA,NA,999
"Grapevine_Bulgarian_latent_virus",1,NA,NA,NA,NA,NA,NA,999
"Grapevine_chrome_mosaic_virus",2,238.331015,274.908869093093,82.770565256154,534,-0.44191862143135,0.534,999
"Grapevine_deformation_virus",1,NA,NA,NA,NA,NA,NA,999
"Grapevine_fanleaf_virus",3,2.44843333333333,276.58839845312,59.3096416866754,1,-4.62218211615625,0.001,999
"Grapevine_flavescence_doree_phytoplasma",3,2.44843333333333,276.58839845312,59.3096416866754,1,-4.62218211615625,0.001,999
"Grapevine_fleck_virus",1,NA,NA,NA,NA,NA,NA,999
"Grapevine_leafroll-associated_viruses",3,2.44843333333333,276.58839845312,59.3096416866754,1,-4.62218211615625,0.001,999
"Grapevine_Pinot_gris_virus",2,238.331012,276.468695394394,83.2679070083293,400,-0.458011793073885,0.4,999
"Grapevine_red_blotch-associated_virus",1,NA,NA,NA,NA,NA,NA,999
"Grapevine_Roditis_leaf_discoloration-associated_virus",1,NA,NA,NA,NA,NA,NA,999
"Grapevine_rupestris_stem_pitting-associated_virus",1,NA,NA,NA,NA,NA,NA,999
"Grapevine_rupestris_vein_feathering_virus",1,NA,NA,NA,NA,NA,NA,999
"Grapevine_Syrah_virus-1",1,NA,NA,NA,NA,NA,NA,999
"Grapevine_vein_necrosis_virus",1,NA,NA,NA,NA,NA,NA,999
"Grapevine_virus_A",1,NA,NA,NA,NA,NA,NA,999
"Grapevine_virus_D",1,NA,NA,NA,NA,NA,NA,999
"Grapevine_yellow_speckle_viroid 1",1,NA,NA,NA,NA,NA,NA,999
"Grapevine_yellow_speckle_viroid 2",1,NA,NA,NA,NA,NA,NA,999
"Grapevine_yellows_phytoplasmas",8,184.839511142857,274.845866656335,30.3408159868185,3,-2.9665107079711,0.003,999
"Graphocephala_atropunctata",1,NA,NA,NA,NA,NA,NA,999
"Greeneria_uvicola",2,3.375182,272.958704202202,85.4752204264214,3,-3.1539377243755,0.003,999
"Grovesinia_pyramidalis",26,241.707794424615,274.831986520462,15.7114282524026,31,-2.10828650099213,0.031,999
"Gryllotalpa_gryllotalpa",59,274.120754216248,275.671863132249,10.1539323639809,431,-0.152759429588385,0.431,999
"Gueriniella_serratulae",12,196.164086393939,274.880132094018,24.5872940681728,2,-3.20149283129018,0.002,999
"Guignardia_bidwellii",5,163.1752968,277.390221084284,40.3500953322099,2,-2.83059862297552,0.002,999
"Haematonectria_haematococca",126,287.950878030095,275.853329708595,6.17112845969106,986,1.9603462155292,0.986,999
"Halyomorpha_halys",66,220.645377101632,275.630660626481,9.28367119960297,1,-5.92279523290326,0.001,999
"Harmonia_axyridis",10,111.995906177778,277.274826671294,25.8119222193929,1,-6.4032007801937,0.001,999
"Harrisina_americana",1,NA,NA,NA,NA,NA,NA,999
"Harrisina_metallica",1,NA,NA,NA,NA,NA,NA,999
"Helianthus_ciliaris",6,295.9208506,277.263688659793,34.9738855034371,642,0.53345979926575,0.642,999
"Helicotylenchus_abunaamai",6,294.968975133333,276.602986431431,35.2773861581599,633,0.520616482739431,0.633,999
"Helicotylenchus_anhelicus",4,264.08268,276.551397027194,46.0921874938046,369,-0.270516929335797,0.369,999
"Helicotylenchus_conicephalus",1,NA,NA,NA,NA,NA,NA,999
"Helicotylenchus_digonicus",80,268.611344098418,275.953401250419,8.40648102549058,189,-0.873380565511074,0.189,999
"Helicotylenchus_dihystera",193,285.163907753022,276.097904200794,4.67779176286941,978,1.93809472755727,0.978,999
"Helicotylenchus_erythrinae",55,290.188841101684,276.213752145573,10.2369264699701,915,1.36516453420918,0.915,999
"Helicotylenchus_multicinctus",41,267.414856292683,275.985192923865,12.2006961219125,228,-0.702446528095238,0.228,999
"Helicotylenchus_pseudorobustus",99,282.0577493725,276.230344724342,7.30951429560541,782,0.797235549790478,0.782,999
"Helicotylenchus_sp.",102,280.463661497379,275.763621108752,7.22615360870332,740,0.650420769213404,0.74,999
"Heliococcus_bohemicus",18,160.595560712418,276.012764702402,18.7443046918433,1,-6.15745453818877,0.001,999
"Heliothis_virescens",26,209.252075796923,275.186111019185,15.2390521664275,1,-4.32664935470979,0.001,999
"Heliotropium_europaeum",27,270.728884074074,275.612104781739,15.8376805244563,354,-0.308329284715923,0.354,999
"Helopeltis_antonii",10,270.985621044444,276.633347226315,25.6759317637008,359,-0.219961878456743,0.359,999
"Hemiberlesia_lataniae",164,263.430637832186,275.703130252841,5.46431665881836,17,-2.24593360651044,0.017,999
"Hemiberlesia_rapax",87,232.886429246725,275.851969644274,7.79477542408776,1,-5.51209471215483,0.001,999
"Hemicriconemoides_californianus",5,308.7614396,277.068330013213,39.5274423781561,765,0.801800159078879,0.765,999
"Hemicriconemoides_chitwoodi",20,129.740143631579,275.153716492182,18.0320820512804,1,-8.06415878360963,0.001,999
"Hemicriconemoides_mangiferae",40,277.820255852564,275.931393083177,12.0153474804345,520,0.15720417345092,0.52,999
"Hemicriconemoides_ortonwilliamsi",1,NA,NA,NA,NA,NA,NA,999
"Hemicriconemoides_sinensis",1,NA,NA,NA,NA,NA,NA,999
"Hemicriconemoides_sp.",31,270.246379569892,275.91811276083,14.3979047992025,327,-0.393927676980565,0.327,999
"Hemicriconemoides_wessoni",1,NA,NA,NA,NA,NA,NA,999
"Hemicycliophora_arenaria",8,261.429633714286,276.486884146897,29.9097159769066,297,-0.503423384034703,0.297,999
"Hemicycliophora_onubensis",2,233.754922,278.177716627628,83.172189772575,224,-0.534106349118578,0.224,999
"Hemicycliophora_similis",28,188.933740071429,275.532305528833,14.8368752514215,1,-5.83671184059512,0.001,999
"Hemicycliophora_sp.",37,265.518779951952,275.747958873207,12.9288588895667,205,-0.791189617632015,0.205,999
"Hemicycliophora_thornei",1,NA,NA,NA,NA,NA,NA,999
"Heterodera_sp.",83,267.47130265119,275.883244565136,7.97576784427963,157,-1.05468740793137,0.157,999
"Heterodera_zeae",25,55.3831323533333,275.797176921421,15.800515829525,1,-13.949800560069,0.001,999
"Heteronychus_arator",7,231.205444571429,274.988018445779,33.1496487341068,164,-1.32075528840533,0.164,999
"Hibiscus_trionum",18,286.884567392157,275.653117978999,19.1357389776801,695,0.58693575546043,0.695,999
"Hippotion_celerio",12,266.037933363636,275.573956148133,23.2379433210267,283,-0.41036431893988,0.283,999
"Holocacista_capensis",1,NA,NA,NA,NA,NA,NA,999
"Holocacista_rivillei",1,NA,NA,NA,NA,NA,NA,999
"Homalodisca_vitripennis",17,164.336998970588,275.547183741668,19.6539440911251,1,-5.65841564703024,0.001,999
"Hop_stunt_viroid",24,176.37565567029,276.15775071647,15.9881901714235,1,-6.24098750242074,0.001,999
"Hoplolaimus_pararobustus",36,282.500453388889,276.010251998143,13.0601379819821,683,0.496947382922008,0.683,999
"Hoplolaimus_seinhorsti",32,269.680344106855,275.522795188402,13.6735120049877,311,-0.427282404068252,0.311,999
"Hyalesthes_obsoletus",3,159.642204,274.356918958959,57.371447362856,17,-1.99950881896748,0.017,999
"Hyles_livornica",18,135.77170079085,275.24738900687,18.7507166408541,1,-7.43841906885469,0.001,999
"Hyphantria_cunea",16,186.109185533333,276.512397510427,20.0764258113677,1,-4.50295350509578,0.001,999
"Hypothenemus_eruditus",4,232.460325166667,275.35623202636,45.2729971394134,248,-0.947494302787148,0.248,999
"Hypurus_bertrandi",8,157.33364275,276.120756119691,29.178414238543,1,-4.07106131260486,0.001,999
"Icerya_aegyptiaca",50,266.80208560898,276.051463815264,10.886860479424,198,-0.849590956342812,0.198,999
"Icerya_purchasi",49,225.975983886054,276.510265036089,10.7834938359624,1,-4.68626234861887,0.001,999
"Icerya_schrottkyi",1,NA,NA,NA,NA,NA,NA,999
"Icerya_seychellarum",128,275.248084609006,275.786395400743,6.2083326609158,445,-0.0867077879261217,0.445,999
"Jacobiasca_lybica",7,193.44939,274.844639243434,32.6321990729387,7,-2.49432313959293,0.007,999
"Kalotermes_flavicollis",1,NA,NA,NA,NA,NA,NA,999
"Kerria_lacca_lacca",19,223.380969649123,276.421222487306,18.5209888997202,4,-2.86379162178454,0.004,999
"Lasiodiplodia_crassispora",5,285.2454052,275.987441632633,40.5957606277642,477,0.228052472085858,0.477,999
"Lasiodiplodia_theobromae",184,279.716752391364,276.015399728365,4.77544449630346,783,0.775080239308357,0.783,999
"Lecanodiaspis_rugosa",18,165.453468797386,276.61827855795,18.7183806530965,1,-5.9388048475323,0.001,999
"Lepidium_draba",25,251.932999526667,276.026749134154,15.5742510325952,62,-1.54702460857103,0.062,999
"Lepidosaphes_buzenensis",1,NA,NA,NA,NA,NA,NA,999
"Lepidosaphes_gloverii",44,237.694644667019,275.313391395665,11.5925513828695,3,-3.24507914489263,0.003,999
"Lepidosaphes_laterochitinosa",31,230.177066154839,275.669868408068,13.9609647061393,3,-3.25857153934528,0.003,999
"Lepidosaphes_malicola",16,174.6582109,276.310415858692,19.6096576855145,1,-5.1837827354723,0.001,999
"Lepidosaphes_ulmi",106,218.160435733513,275.527989552669,6.98606525069415,1,-8.21171170902753,0.001,999
"Lepidosaphes_ussuriensis",25,103.540456706667,275.492270151465,15.667291755946,1,-10.97520976333,0.001,999
"Leucaspis_vitis",3,2.44843333333333,276.58839845312,59.3096416866754,1,-4.62218211615625,0.001,999
"Limothrips_cerealium",20,226.049049484211,276.282170270897,17.3977598039651,7,-2.88733269988232,0.007,999
"Linaria_vulgaris",9,273.436618833333,276.978535529752,27.4936579969972,385,-0.128826680567769,0.385,999
"Lobesia_botrana",16,217.000621916667,275.990023498373,19.9078274085372,4,-2.96312602933306,0.004,999
"Lolium_multiflorum",27,244.206477333333,275.42327179295,15.0081269607081,29,-2.07999269604682,0.029,999
"Lolium_rigidum",11,266.816065163636,275.596606106179,24.8860171503269,322,-0.352830301831854,0.322,999
"Longidorus",76,279.189179745263,276.192366017001,8.2453692555716,625,0.363454156554276,0.625,999
"Longidorus_africanus",43,264.397966646733,276.033626886279,11.3873521383428,165,-1.02180560486643,0.165,999
"Longidorus_carniolensis",1,NA,NA,NA,NA,NA,NA,999
"Longidorus_crataegi",1,NA,NA,NA,NA,NA,NA,999
"Longidorus_elongatus",43,291.599097315615,276.146343970883,11.6774453914502,916,1.32329913150741,0.916,999
"Longidorus_euonymus",2,235.069482,276.544956527528,86.0551271657536,336,-0.481964014156184,0.336,999
"Longidorus_goodeyi",2,233.75492,277.926357854855,81.9855875088154,216,-0.538770766875402,0.216,999
"Longidorus_henanus",1,NA,NA,NA,NA,NA,NA,999
"Longidorus_magnus",18,188.788441555556,275.260258736547,19.1980317679137,1,-4.50420221334953,0.001,999
"Longidorus_orientalis",2,376.566485,276.570512832833,84.6359862889577,812.5,1.18148291940226,0.8125,999
"Longidorus_vineacola",3,329.400818,276.208016721388,59.3050336342013,728.5,0.896935690260456,0.7285,999
"Lopholeucaspis_japonica",60,192.924467346328,275.641800936885,9.45514920236731,1,-8.74839009096204,0.001,999
"Lycorma_delicatula",2,0.594936,277.83850262963,86.325029102387,1,-3.21162436332111,0.001,999
"Lygus_spinolae",8,163.393328321429,274.593352681717,29.6354103610844,1,-3.75226875570148,0.001,999
"Maconellicoccus_hirsutus",159,269.827454256031,276.042999323803,5.3410567627783,128,-1.16372945352088,0.128,999
"Macrosiphum_euphorbiae",42,227.224426659698,275.404834766316,11.7377274534745,1,-4.10474755846847,0.001,999
"Mamestra_brassicae",38,258.943961779516,275.831609413784,12.838783014383,91,-1.31536202577365,0.091,999
"Margarodes_capensis",1,NA,NA,NA,NA,NA,NA,999
"Margarodes_greeni",1,NA,NA,NA,NA,NA,NA,999
"Margarodes_prieskaensis",1,NA,NA,NA,NA,NA,NA,999
"Margarodes_vitis",4,120.819719166667,276.632250405405,44.8263568673812,1,-3.4759133270569,0.001,999
"Margarodes_vredendalensis",1,NA,NA,NA,NA,NA,NA,999
"Melanaspis_arnaldoi",3,2.44843333333333,276.58839845312,59.3096416866754,1,-4.62218211615625,0.001,999
"Melilotus_indica",17,289.269983691176,276.176202123418,18.6556703537998,739,0.701866044984656,0.739,999
"Melittia_cucurbitae",5,98.4971394,276.221108542943,40.4326824926976,1,-4.39555226579491,0.001,999
"Meloidodera_sp.",7,259.544858380952,275.067100141951,32.11729564983,254,-0.483298529559766,0.254,999
"Meloidogyne_arenaria",180,267.353150356549,276.052548903319,4.68874372281764,37,-1.85537940673431,0.037,999
"Meloidogyne_chitwoodi",52,266.664643493967,275.996808717715,10.4974428980443,181,-0.888994140228875,0.181,999
"Meloidogyne_ethiopica",63,250.496589807476,275.81883720574,9.50597118125465,9,-2.66382539094995,0.009,999
"Meloidogyne_hapla",212,242.090999893991,275.943174621652,4.33531264995499,1,-7.80847368136485,0.001,999
"Meloidogyne_hispanica",26,275.532487135385,275.308128210555,16.153303818352,490,0.0138893521320736,0.49,999
"Meloidogyne_incognita",266,275.952230711732,276.166471244526,3.47281866972794,470,-0.0616906764126044,0.47,999
"Meloidogyne_javanica",265,267.200469314751,276.108391615653,3.51798113022442,10,-2.53211201855802,0.01,999
"Meloidogyne_luci",15,223.739093390476,274.411500145498,21.2714227519163,26,-2.38218229904047,0.026,999
"Meloidogyne_sp.",391,264.322398214073,276.043353052206,2.2408983650024,1,-5.23047141324526,0.001,999
"Meloidogyne_thamesi",15,133.090292685714,275.999380331646,21.1828516812156,1,-6.74645179018365,0.001,999
"Melolontha_melolontha",13,244.093029384615,275.614401481712,22.4404152126112,89,-1.40466973531678,0.089,999
"Merlinius_brevidens",153,252.914581349673,275.760553717233,5.63886565365246,1,-4.05151918325299,0.001,999
"Merlinius_nanus",3,329.400817333333,276.779026623957,57.4937715522198,722,0.915260719356033,0.722,999
"Merophyas_divulsana",2,235.069477,275.554096618619,84.1300698548949,239.5,-0.481214620271269,0.2395,999
"Mesocriconema_rusticum",23,221.230332205534,276.195927143183,16.6347608060394,2,-3.30426121412538,0.002,999
"Mesocriconema_xenoplax",63,257.898327210445,275.716469615142,9.59951954192971,39,-1.85614939652643,0.039,999
"Metcalfa_pruinosa",45,200.619482751515,275.709804418303,11.349813272406,1,-6.61599621637384,0.001,999
"Monilinia_fructigena",39,168.052637225371,275.675052218224,11.7360262175762,1,-9.17026027359024,0.001,999
"Mucor_circinelloides",14,264.30242089011,276.554376115445,21.2855995398609,282,-0.575598314832118,0.282,999
"Murgantia_histrionica",24,236.011700528986,275.508656848279,16.3311537990577,14,-2.41850372639151,0.014,999
"Naupactus_xanthographus",26,204.261838510769,275.515387572308,15.7705104959902,1,-4.51815108202461,0.001,999
"Neofusicoccum_australe",26,201.946550932308,275.744343093303,15.5460501078336,1,-4.74704453215471,0.001,999
"Neofusicoccum_macroclavatum",1,NA,NA,NA,NA,NA,NA,999
"Neofusicoccum_mediterraneam",3,237.243835333333,276.522779701702,58.3880526469683,409.5,-0.672722287997181,0.4095,999
"Neofusicoccum_vitifusiforme",9,199.281619888889,275.993783048882,28.4720973054007,6,-2.69429267317945,0.006,999
"Neonectria_macrodidyma",8,289.448067392857,276.385045471078,30.4973148632681,601,0.428333510026891,0.601,999
"Neonectria_radicicola",56,276.635405288312,276.240562802712,10.1460326853195,500,0.0389159485136071,0.5,999
"Neopulvinaria_innumerabilis_innumerabilis",37,161.502146531532,275.417413931367,12.4263687126545,1,-9.16722093428861,0.001,999
"Neoselenaspidus_silvaticus",10,238.869360977778,275.979394524547,26.4088282390576,96,-1.40521318139685,0.096,999
"Nicandra_physalodes",29,270.153035226601,275.710594777142,14.004504748048,337,-0.396840848750133,0.337,999
"Nipaecoccus_viridis",104,236.828620651606,276.025749274489,7.15142418752206,1,-5.4810241421947,0.001,999
"Noctua_fimbriata",1,NA,NA,NA,NA,NA,NA,999
"Noctua_pronuba",30,278.294078066667,276.079705798585,14.5942528743298,518,0.151729059866902,0.518,999
"Nysius_niger",7,68.6090546666667,276.686951198246,33.3715014051616,1,-6.23519733215825,0.001,999
"Oceanaspidiotus_spinosus",39,259.91007654251,275.834522906029,12.1836006028931,105,-1.30703942804373,0.105,999
"Oides_scutellata",1,NA,NA,NA,NA,NA,NA,999
"Oligonychus_coffeae",25,201.33665404,275.929734975796,15.5691614325698,1,-4.79107890677729,0.001,999
"Oligonychus_fileno",1,NA,NA,NA,NA,NA,NA,999
"Oregmopyga_peruviana",1,NA,NA,NA,NA,NA,NA,999
"Orgyia_postica",24,236.443122547101,276.685246833725,15.3702927669654,8,-2.61817552188166,0.008,999
"Orthotydeus_californicus",1,NA,NA,NA,NA,NA,NA,999
"Orthotydeus_kochi",1,NA,NA,NA,NA,NA,NA,999
"Otiorhynchus_ligustici",3,228.043248666667,276.002108761428,60.6114832858287,201.5,-0.791250395054669,0.2015,999
"Otiorhynchus_rugosostriatus",17,171.570762,275.604166749499,19.4083360987607,1,-5.36024336244582,0.001,999
"Otiorhynchus_sulcatus",22,207.656500688312,276.760047607902,16.7382045500416,1,-4.12849219956623,0.001,999
"Oxalis_pes-caprae",12,132.173888727273,276.117793324552,23.7318243220378,1,-6.0654378122802,0.001,999
"Panonychus_citri",21,181.166538638095,275.964274407026,17.5271123611292,1,-5.40863399604653,0.001,999
"Panonychus_ulmi",30,193.942413264368,276.043280862196,14.3045147863095,1,-5.73950733906785,0.001,999
"Pantoea_agglomerans",42,245.927496845528,276.195286317224,11.5612622938009,9,-2.61803501231223,0.009,999
"Papaver_rhoeas",22,268.448785722944,275.411889293835,17.6762740492021,303,-0.393923716701233,0.303,999
"Paracoccus_marginatus",63,255.651631328213,276.032122946504,9.76942326473025,29,-2.08615094934715,0.029,999
"Paradiaspis_lizeriana",1,NA,NA,NA,NA,NA,NA,999
"Paralongidorus_maximus",38,262.508980058321,275.889231209138,12.7778786899555,155,-1.04714182028779,0.155,999
"Paranthrene_asilipennis",1,NA,NA,NA,NA,NA,NA,999
"Paranthrene_regalis",1,NA,NA,NA,NA,NA,NA,999
"Paranthrene_simulans",1,NA,NA,NA,NA,NA,NA,999
"Paraputo_leveri",14,240.836916725275,275.487218091113,22.0994682338945,73,-1.56792466674353,0.073,999
"Parasaissetia_nigra",147,277.1645962134,276.021229890313,5.58789157905784,577,0.204614979892002,0.577,999
"Paratrichodorus_divergens",5,290.5388762,275.392822743143,39.4222344820566,641,0.384200785568122,0.641,999
"Paratrichodorus_hispanus",2,376.566487,278.202154856857,80.3710627148849,944,1.22387746062397,0.944,999
"Paratrichodorus_minor",115,275.814033045004,275.766610111959,6.76272659915558,480,0.00701239837942336,0.48,999
"Paratrichodorus_pachydermus",1,NA,NA,NA,NA,NA,NA,999
"Paratrichodorus_porosus",48,288.60026131383,275.745709759738,11.0576454581359,884,1.16250350065559,0.884,999
"Paratylenchus_baldaccii",1,NA,NA,NA,NA,NA,NA,999
"Paratylenchus_hamatus",80,244.396986195253,275.681894935067,8.39252122289174,1,-3.727712794396,0.001,999
"Paratylenchus_sp.",110,264.189248875563,275.797814021775,6.93451949483225,51,-1.6740258867054,0.051,999
"Parlatoria_cinerea",16,166.7669353,276.71290115986,20.1757272806756,1,-5.44941772508823,0.001,999
"Parlatoria_oleae",86,217.488937571272,275.609001660236,7.88641707251767,1,-7.36964118870901,0.001,999
"Parlatoria_proteus",69,282.484591425405,276.008753015373,8.64665113375309,773,0.748941793748609,0.773,999
"Parlatoria_theae",54,194.844150793152,275.618355173442,9.99922604262517,1,-8.07804564432914,0.001,999
"Parthenolecanium_corni",47,157.254704780759,275.766451366119,10.8814325960431,1,-10.8911896976191,0.001,999
"Parthenolecanium_corni_apuliae",1,NA,NA,NA,NA,NA,NA,999
"Parthenolecanium_corni_corni",84,205.876314465577,275.666741694087,7.82383861435936,1,-8.92022837746445,0.001,999
"Parthenolecanium_persicae",68,218.287041712906,275.832096739176,8.62046005615792,1,-6.6754041723287,0.001,999
"Paspalum_distichum",23,251.254810189723,276.346563106949,16.1738867440365,73,-1.55137434274895,0.073,999
"Passiflora_foetida",15,300.71672567619,275.345964742152,20.7993203888351,898,1.21978797670993,0.898,999
"Peach_rosette_mosaic_virus",7,182.371570571429,276.395440933982,32.4771868021256,1,-2.89507434666107,0.001,999
"Peliococcus_turanicus",25,253.962990846667,276.225721432219,16.0681149880811,99,-1.38552223469064,0.099,999
"Pemphigus_saliciradicis",1,NA,NA,NA,NA,NA,NA,999
"Penicillium_expansum",60,286.282169932203,275.84900013978,9.53185454153253,861,1.09455822547057,0.861,999
"Penicillium_notatum",33,273.252549848485,276.028351825394,13.7518431270651,385,-0.201849450379897,0.385,999
"Penicillium_viridicatum",10,284.2010754,276.369495539317,25.8603705700421,605,0.302840975904474,0.605,999
"Penicillium_viticola",1,NA,NA,NA,NA,NA,NA,999
"Pennisetum_clandestinum",10,303.182393066667,275.932648921477,25.6474033831826,867,1.06247575000351,0.867,999
"Peribatodes_rhomboidaria",1,NA,NA,NA,NA,NA,NA,999
"Peridroma_saucia",109,230.11634066089,275.923515273813,6.9553146439621,1,-6.58592413970636,0.001,999
"Perissopneumon_ferox",4,232.460325166667,275.35623202636,45.2729971394134,248,-0.947494302787148,0.248,999
"Pestalotiopsis_mangiferae",10,265.525738288889,276.11168312884,26.0692747097114,323,-0.406069787434768,0.323,999
"Phaeoacremonium_aleophilum",19,218.078846982456,275.848868567901,18.3220516304183,4,-3.15303235416798,0.004,999
"Phaeoacremonium_alvesii",5,230.591107,276.011128049449,40.9265860298644,201,-1.10979256897475,0.201,999
"Phaeoacremonium_fraxinopennsylvanicum",7,214.985751047619,277.398496749702,32.2157564452018,40,-1.93733603022005,0.04,999
"Phaeoacremonium_hispanicum",1,NA,NA,NA,NA,NA,NA,999
"Phaeoacremonium_iranianum",9,174.645054,276.380099944889,27.0203312997262,1,-3.76512948033025,0.001,999
"Phaeoacremonium_italicum",9,210.320521833333,276.30255881754,28.466902088375,10,-2.317850982849,0.01,999
"Phaeoacremonium_parasiticum",20,220.722,275.542082621975,18.1962414225108,8,-3.01271462326038,0.008,999
"Phaeoacremonium_scolyti",14,170.68693678022,276.256269443685,21.6287705536561,1,-4.88096780173297,0.001,999
"Phaeoacremonium_sicilianum",4,232.8339955,277.701777763263,47.207066961795,254.5,-0.950446302871878,0.2545,999
"Phaeoacremonium_tuscanicum",3,227.336974666667,276.947863004338,57.3621666426424,173,-0.86487124251668,0.173,999
"Phaeoacremonium_viticola",14,183.824240384615,276.155434375463,20.9573024007252,1,-4.40568123823288,0.001,999
"Phaeomoniella_chlamydospora",3,230.626987333333,277.216645221221,56.8892546960287,258.5,-0.818953564022349,0.2585,999
"Phakopsora_euvitis",3,2.44843333333333,276.58839845312,59.3096416866754,1,-4.62218211615625,0.001,999
"Phalaenoides_glycinae",1,NA,NA,NA,NA,NA,NA,999
"Phenacoccus_aceris",48,169.210311881206,275.555019415777,10.8534202878285,1,-9.79826678727544,0.001,999
"Phenacoccus_madeirensis",70,239.554506981781,276.104568547717,8.78568335322509,1,-4.16018425618765,0.001,999
"Phenacoccus_solani",54,236.971138305381,275.629701114816,10.4680992898485,1,-3.69298778498634,0.001,999
"Phenacoccus_solenopsis",92,230.334259837793,275.851381370409,7.85687957411647,1,-5.79328232070234,0.001,999
"Phialophora_parasitica",20,220.722,275.542082621975,18.1962414225108,8,-3.01271462326038,0.008,999
"Philaenus_spumarius",29,156.276017172414,274.776073223134,14.6385566597903,1,-8.0950642064474,0.001,999
"Phlyctinus_callosus",16,236.724643416667,276.667050916425,19.8487116358602,33,-2.01234257580704,0.033,999
"Phomopsis_cotoneastri",42,218.110617570267,275.921069156228,11.7448169602113,1,-4.92220966761844,0.001,999
"Phomopsis_theicola",22,222.134477969697,275.650308964025,16.657446034655,5,-3.21272726220997,0.005,999
"Phomopsis_viticola",3,160.012403333333,273.95107366967,58.1069800989137,14,-1.96084308877147,0.014,999
"Phyllactinia_guttata",41,205.435696397561,275.660977819178,11.9989527489183,1,-5.85261754847292,0.001,999
"Phyllocnistis_vitegenella",1,NA,NA,NA,NA,NA,NA,999
"Phyllocoptes_vitis",1,NA,NA,NA,NA,NA,NA,999
"Phyllophaga",73,249.074338186454,275.831905372435,8.96872476593971,5,-2.98343051930836,0.005,999
"Phymatotrichopsis_omnivora",99,231.216778109668,275.86553998245,7.22348923859485,1,-6.18105189860665,0.001,999
"Phytonemus_pallidus",20,204.033248642105,275.806398329698,17.349921258759,1,-4.13679973627307,0.001,999
"Phytophthora_cryptogea",73,240.064973127093,275.594553010271,8.66111001590419,1,-4.10219704148032,0.001,999
"Phytoplasma_mali",11,246.128804690909,276.679464230048,23.4393913622627,104,-1.30338962590665,0.104,999
"Pinnaspis_strachani",132,280.138062626301,275.98418295868,6.25167074641173,732,0.664443128263734,0.732,999
"Plagionotus_arcuatus",2,235.069479,277.913869892893,84.2833269826864,280,-0.508337679903097,0.28,999
"Planococcus_citri",154,268.805111408454,276.165549514728,5.38419529875027,91,-1.3670451567724,0.091,999
"Planococcus_ficus",35,246.761041707563,276.201741288886,13.02180523851,21,-2.26087697074873,0.021,999
"Planococcus_lilacinus",57,282.458127233083,276.197367408217,9.64292840266519,726,0.649259183873622,0.726,999
"Planococcus_minor",95,268.247704914222,275.894796533762,7.55324648366259,151,-1.01242447682345,0.151,999
"Plasmopara_viticola",1,NA,NA,NA,NA,NA,NA,999
"Platynota_stultana",71,223.767246123139,276.144048718346,8.95712215458584,1,-5.84750343818767,0.001,999
"Polychrosis_viteana",1,NA,NA,NA,NA,NA,NA,999
"Polygonum_aviculare",64,251.23513771875,275.481374336247,9.45042658061219,11,-2.56562351029098,0.011,999
"Polygonum_lapathifolium",27,240.228406507123,275.746643407265,15.1104538257728,15,-2.35057380206287,0.015,999
"Polyphagotarsonemus_latus",45,214.027596834343,275.413460786932,11.2758405723139,1,-5.44401666189857,0.001,999
"Potato_virus_X",8,209.264543392857,275.127563298763,30.7979060028094,15,-2.13855513098514,0.015,999
"Pratylenchus_brachyurus",101,273.713127947723,275.833920184571,7.17151175431109,363,-0.295724570983662,0.363,999
"Pratylenchus_crenatus",75,228.93868469982,275.661587222362,8.57242664568331,1,-5.45037064225794,0.001,999
"Pratylenchus_hexincisus",13,239.039000051282,276.338515404481,22.8604717094294,64,-1.6316161725488,0.064,999
"Pratylenchus_neglectus",196,271.132705446102,275.840329780796,4.69501849683259,169,-1.00268493891357,0.169,999
"Pratylenchus_penetrans",249,266.33297541346,275.979406285436,3.81498961426767,7,-2.52856019211654,0.007,999
"Pratylenchus_pratensis",11,82.7023628363636,276.370773242406,24.3792710940046,1,-7.9439787046656,0.001,999
"Pratylenchus_scribneri",45,262.589328082828,275.796126800283,11.3412912153156,135,-1.16448810516566,0.135,999
"Pratylenchus_sp.",115,279.531142278261,275.42874791823,6.91185522283572,710,0.593530134496574,0.71,999
"Pratylenchus_thornei",134,259.455150582538,275.961613832866,6.06193537736041,8,-2.72296918769115,0.008,999
"Pratylenchus_vulnus",127,255.58998928209,275.87868235312,6.21096112932208,2,-3.26659475861911,0.002,999
"Proeulia_auraria",9,150.270639277778,275.945284141475,27.6654110285878,1,-4.54266320980492,0.001,999
"Proeulia_chrysopteris",12,182.123483030303,275.550514237525,22.4876688996196,1,-4.1545894162824,0.001,999
"Pseudaonidia_marquesi",4,118.758956666667,276.586381909743,47.6023039703263,6,-3.31554172969151,0.006,999
"Pseudaonidia_trilobitiformis",93,254.130213582048,276.070619613201,7.50486316945197,3,-2.92349181267695,0.003,999
"Pseudaulacaspis_pentagona",156,234.084118376592,275.686767615262,5.55185638180044,1,-7.49346639712221,0.001,999
"Pseudococcus_calceolariae",102,208.708745328674,276.106158051298,7.11152502353814,1,-9.47720952953808,0.001,999
"Pseudococcus_comstocki",39,234.775696955466,276.026944723179,12.5758529178525,2,-3.28019483347757,0.002,999
"Pseudococcus_cribata",1,NA,NA,NA,NA,NA,NA,999
"Pseudococcus_cryptus",51,293.487987490196,276.036588582689,10.7738427499974,956,1.61979335622946,0.956,999
"Pseudococcus_longispinus",102,272.145472972238,275.82666030322,7.1283487384303,294,-0.516415156729795,0.294,999
"Pseudococcus_maritimus",4,137.21989,276.027526360527,46.8825096185746,3,-2.96075524731578,0.003,999
"Pseudococcus_meridionalis",5,212.9120906,277.789615532933,40.0183152508082,65,-1.62119580812745,0.065,999
"Pseudococcus_viburni",173,259.746781795537,276.09935559467,4.96709425274745,1,-3.29218109563502,0.001,999
"Pseudokermes_vitreus",13,251.69474625641,276.185304381612,22.9884571667954,164,-1.06534152977331,0.164,999
"Pseudomonas_fluorescens",38,266.186898677098,275.389514229184,12.7829975385531,231,-0.719910609724418,0.231,999
"Pseudomonas_syringae",69,245.925477601876,275.881024846298,9.06239705375601,2,-3.30547724478782,0.002,999
"Pseudomonas_syringae_pv. syringae",77,253.878979995215,276.063484180798,8.29203172245808,7,-2.67540030334162,0.007,999
"Pseudomonas_viridiflava",47,241.489037398705,275.88651758027,10.9081829921621,2,-3.15336479102718,0.002,999
"Pseudopezicula_tracheiphila",1,NA,NA,NA,NA,NA,NA,999
"Pseudotargionia_glandulosa",3,2.44843333333333,276.58839845312,59.3096416866754,1,-4.62218211615625,0.001,999
"Pulvinaria_vini",1,NA,NA,NA,NA,NA,NA,999
"Pulvinaria_vinifera",1,NA,NA,NA,NA,NA,NA,999
"Pulvinaria_vitis",44,154.178536850951,275.871482855742,11.3909541586038,1,-10.6832969662048,0.001,999
"Pyrrhalta_luteola",1,NA,NA,NA,NA,NA,NA,999
"Raphanus_raphanistrum",31,251.514362541935,275.41288726468,14.2969926418188,62,-1.67157704570966,0.062,999
"Raspberry_bushy_dwarf_virus",3,175.932098,274.883424917584,57.0301003505891,33,-1.73507194112034,0.033,999
"Raspberry_ringspot_virus",10,191.2175894,275.929325060816,26.64929541643,3,-3.1787608016304,0.003,999
"Rastrococcus_iceryoides",49,236.770982234694,276.135305083929,10.8369667395258,1,-3.63241152209698,0.001,999
"Retithrips_syriacus",40,244.356761492308,276.050290510283,12.2711551561868,13,-2.58276654598377,0.013,999
"Rhipiphorothrips_cruentatus",10,230.607863733333,276.329182552041,26.2313561295237,71,-1.74300248118883,0.071,999
"Rhizobium_radiobacter",155,241.33505749912,275.820566332911,5.4892643909248,1,-6.2823552261036,0.001,999
"Rhizobium_rhizogenes",154,241.466821734742,275.809897145768,5.54539908893802,1,-6.19307553166613,0.001,999
"Rhizobium_vitis",3,2.44843333333333,276.58839845312,59.3096416866754,1,-4.62218211615625,0.001,999
"Rhizoecus_falcifer",35,266.812342608403,276.140501033568,12.4773432166105,216,-0.747607744952189,0.216,999
"Rhizopus_stolonifer",108,273.72033067082,275.991527018083,7.07004083586876,358,-0.321242323769867,0.358,999
"Richardia_brasiliensis",32,247.047483185484,275.468755925018,13.9142767698354,34,-2.0425979164902,0.034,999
"Rosellinia_necatrix",135,234.2706794534,275.684745839274,6.04052157603797,1,-6.85604146339933,0.001,999
"Rotylenchulus_macrodoratus",10,237.486452822222,274.977106909332,27.3301316761301,109,-1.37176997650009,0.109,999
"Rotylenchulus_parvus",19,280.666143204678,275.122748452511,18.2313099038156,595,0.304059049043274,0.595,999
"Rotylenchulus_reniformis",157,261.377785087375,276.168482785594,5.32176477568581,5,-2.77928437682821,0.005,999
"Rotylenchus_robustus",23,240.274108110672,275.422889747787,16.3582518855752,27,-2.1486881289626,0.027,999
"Rotylenchus_vitis",1,NA,NA,NA,NA,NA,NA,999
"Rumex_crispus",19,280.692837076023,275.759523932517,18.2775280969853,569,0.269911397062483,0.569,999
"Russellaspis_pustulans_pustulans",122,238.489055437475,275.891905033599,6.47879103727601,1,-5.77312177239941,0.001,999
"Saharaspis_ceardi",6,224.89346,276.642426809343,36.7922931547017,129,-1.4065164840841,0.129,999
"Saissetia_coffeae",120,267.635377663445,275.892859832122,6.52200844082772,110,-1.26609498340797,0.11,999
"Saissetia_oleae_oleae",110,241.577180882569,276.009739680938,6.82430033397601,1,-5.04558080876664,0.001,999
"Scaphoideus_titanus",1,NA,NA,NA,NA,NA,NA,999
"Schistocerca_nitens",7,288.481620095238,275.828538407646,31.7333372261435,591,0.398731516872045,0.591,999
"Scirtothrips_aurantii",20,221.796312015789,275.863469794674,17.63657684938,4,-3.06562652382198,0.004,999
"Scirtothrips_citri",13,104.366543948718,275.791228138882,22.4977868049471,1,-7.61962435133706,0.001,999
"Scirtothrips_dorsalis",84,237.81318451922,275.601164596632,8.20257102179807,1,-4.60684582638682,0.001,999
"Scirtothrips_mangiferae",2,233.75492,275.139991215215,84.7880679907715,230,-0.488100179611589,0.23,999
"Scutellonema_brachyurum",55,288.79912493468,275.716844926397,10.2296043517217,909,1.27886471054779,0.909,999
"Scutellonema_brachyurus",39,270.415743584345,275.241972206852,12.4202022054383,351,-0.388578908996606,0.351,999
"Scutellonema_clathricaudatum",36,304.458199292063,276.320950082646,12.8247507441925,996,2.19398020052428,0.996,999
"Selenaspidus_articulatus",72,274.365177323944,275.833477761213,8.68109512602122,427,-0.169137697024958,0.427,999
"Senecio_inaequidens",1,NA,NA,NA,NA,NA,NA,999
"Senecio_vulgaris",61,269.147488736612,276.283925885918,9.72816633282635,244,-0.733585025702597,0.244,999
"Setaria_faberi",8,254.512476035714,274.653080991205,30.0770919317221,221,-0.669632722512279,0.221,999
"Setaria_verticillata",26,266.274220852308,275.543028984172,15.3605186184981,278,-0.603417655488673,0.278,999
"Setaria_viridis",29,271.799363280788,276.010451143873,14.5180483255915,369,-0.290058812909567,0.369,999
"Sinoxylon_perforans",1,NA,NA,NA,NA,NA,NA,999
"Solanum_elaeagnifolium",22,237.149706069264,275.970215349596,16.5426467965336,16,-2.34669274861546,0.016,999
"Sonchus_arvensis",28,222.072583044974,276.344465759879,14.5694894912158,2,-3.72503667665411,0.002,999
"Sonchus_oleraceus",15,277.956351485714,275.385397012041,20.5578787698195,519,0.125059326521958,0.519,999
"Sorghum_halepense",31,262.63853907957,275.687238486874,13.4691281777066,165,-0.968785747313745,0.165,999
"Sowbane_mosaic_virus",7,208.207298857143,276.041283686353,32.4859634057554,18,-2.08810137418281,0.018,999
"Sparganothis_pilleriana",1,NA,NA,NA,NA,NA,NA,999
"Sphaeraspis_vitis",1,NA,NA,NA,NA,NA,NA,999
"Spodoptera_eridania",110,265.953905347623,276.251638035438,6.80509388882123,75,-1.51323888487869,0.075,999
"Spodoptera_frugiperda",146,278.612661175815,276.191159374596,5.5772335381138,653,0.434176152866989,0.653,999
"Spodoptera_littoralis",100,255.820812406263,276.546334551439,7.19906864649018,7,-2.8789171437171,0.007,999
"Spodoptera_litura",73,258.923448429224,275.951842105561,8.62792157704872,29,-1.97363797575944,0.029,999
"Stelidota_geminata",6,152.942961666667,276.521182231165,34.6284687626281,1,-3.56868856695929,0.001,999
"Stellaria_media",36,264.310054061905,276.190568224165,12.5183080000924,168,-0.949051114749136,0.168,999
"Stereum_hirsutum",19,194.13766,275.117928934361,18.5988648743735,1,-4.35404361940068,0.001,999
"Strawberry_latent_ringspot_virus",18,261.216589660131,275.989457277526,17.7801009453741,195,-0.830865227524973,0.195,999
"Taraxacum_officinale_complex",21,254.732993333333,275.495791268993,17.9799171319572,136,-1.15477717629499,0.136,999
"Targionia_vitis",8,127.094135428571,275.003670863399,29.8407925680056,1,-4.95662221764887,0.001,999
"Tenuipalpus_granati",1,NA,NA,NA,NA,NA,NA,999
"Tetranychus_cinnabarinus",59,276.062861232028,275.611506604048,9.6340605090536,498,0.0468498851088049,0.498,999
"Tetranychus_kanzawai",20,182.837046326316,275.63955808792,18.2271207031895,1,-5.0914520879518,0.001,999
"Tetranychus_mcdanieli",2,235.06948,278.970468974975,86.4311319227531,311.5,-0.507930279268019,0.3115,999
"Tetranychus_pacificus",58,194.258865910466,275.303103349419,10.2878180689708,1,-7.87768960294816,0.001,999
"Tetranychus_urticae",82,239.738218665462,275.856116928521,8.1036825173859,1,-4.45697350378305,0.001,999
"Theretra_clotho",5,181.2664876,275.795685376577,39.9801348109356,9,-2.36440417781484,0.009,999
"Theretra_japonica",1,NA,NA,NA,NA,NA,NA,999
"Theretra_oldenlandiae",4,295.304735,276.323152044044,46.602417005266,501,0.4073089804293,0.501,999
"Thrips_hawaiiensis",25,235.812847926667,275.97033926674,15.9521393861315,18,-2.51737339851641,0.018,999
"Thrips_imaginis",20,174.047365857895,275.90727486801,17.8848913241507,1,-5.69530488969592,0.001,999
"Thrips_tabaci",33,272.826539515152,275.283762131552,13.5037832352218,395,-0.181965496157502,0.395,999
"Tobacco_necrosis_virus",14,213.855714362637,274.619810058509,21.5050265319858,9,-2.82557641142611,0.009,999
"Tobacco_ringspot_virus",32,174.795086143145,274.471729112996,13.9428537630968,1,-7.1489412901733,0.001,999
"Tomato_black_ring_virus",33,220.36169355303,275.092355665977,13.8825674636073,1,-3.94240202732102,0.001,999
"Tomato_ringspot_virus",38,209.628861493599,275.311177643921,12.253109301891,1,-5.36046113129717,0.001,999
"Tomato_spotted_wilt_virus",62,222.09643062348,275.844390873655,9.54295001859098,1,-5.63221646822698,0.001,999
"Trametes_versicolor",35,224.16559770084,275.025298759708,12.9908616658103,1,-3.91503676717006,0.001,999
"Tribulus_terrestris",51,238.284673021176,276.188137849442,10.545910942277,2,-3.59413852778861,0.002,999
"Trichoderma_harzianum",64,256.673779904762,275.683691730362,9.28533858142787,32,-2.04730410839544,0.032,999
"Trichodorus",82,279.856956647094,276.163872639387,8.16828341296549,662,0.452124861613502,0.662,999
"Trichodorus_andalusicus",2,238.331014,275.298900329329,83.7381502655911,467.5,-0.441470061281254,0.4675,999
"Trichodorus_onubensis",1,NA,NA,NA,NA,NA,NA,999
"Trichodorus_paragiennensis",1,NA,NA,NA,NA,NA,NA,999
"Trichodorus_porosus",38,226.361008331437,275.836459582224,12.78092099819,2,-3.87103959548718,0.002,999
"Trichodorus_primitivus",19,232.989154561403,275.558917299861,18.1963503227358,15,-2.33946709001684,0.015,999
"Trichodorus_sp.",101,275.400210059406,276.314471254194,7.15203014873055,441,-0.127832402237608,0.441,999
"Trichodorus_viruliferus",8,270.542709285714,275.792521734091,30.0294387127357,432,-0.174822196931388,0.432,999
"Trichothecium_roseum",83,273.533560032912,275.772706202286,8.23096964943873,371,-0.272039172143815,0.371,999
"Trijuba_oculata",7,249.727355809524,276.819286196292,32.6412678403094,182,-0.829990137616875,0.182,999
"Truncatella_angustata",9,229.716158444444,274.833000810366,28.0477439877684,90,-1.60857295280493,0.09,999
"Tylenchorhynchus_acutus",18,264.086744588235,275.686057778582,19.1243620493829,260,-0.606520267729478,0.26,999
"Tylenchorhynchus_capitatus",59,273.146950478083,275.53525150826,9.57408022944965,374,-0.24945487952258,0.374,999
"Tylenchorhynchus_clarus",126,262.421076981333,276.02127703726,6.31464246384625,26,-2.15375615227514,0.026,999
"Tylenchorhynchus_claytoni",68,275.920856907375,275.733353798337,9.15323186900209,487,0.0204849075956805,0.487,999
"Tylenchorhynchus_cylindricus",45,235.527596721212,275.311837466927,11.6239558095688,2,-3.42260770752116,0.002,999
"Tylenchorhynchus_mashhoodi",3,329.400816666667,275.597911043043,57.7421089376681,717,0.931779365414297,0.717,999
"Tylenchorhynchus_mediterraneus",4,232.136993833333,276.087179086587,46.0637994176009,226,-0.954115505210799,0.226,999
"Tylenchorhynchus_sp.",114,278.634751970036,275.604480436745,6.8319609823698,659,0.443543448376052,0.659,999
"Tylenchulus_semipenetrans",30,261.695350958621,276.381249767222,13.7478384755362,139,-1.06823329607304,0.139,999
"Urophorus_humeralis",8,296.393020464286,274.265430499964,30.4363817927218,775,0.727011184017046,0.775,999
"Urtica_urens",32,263.730421122984,276.335082180055,13.6103411902179,188,-0.926109116656865,0.188,999
"Veronica_persica",20,256.712094547368,275.624400660787,18.3416503079406,154,-1.03111256598492,0.154,999
"Verticillium_dahliae",124,232.198238621296,275.84350214772,6.22610330863892,1,-7.01004486479771,0.001,999
"Vitacea_polistiformis",1,NA,NA,NA,NA,NA,NA,999
"Viteus_vitifoliae",3,2.44843333333333,276.58839845312,59.3096416866754,1,-4.62218211615625,0.001,999
"Xanthomonas_campestris_pv. viticola",2,233.754921,277.396444192192,83.6332576647831,224,-0.521820199412955,0.224,999
"Xenococcus_acropygae",2,376.566484,276.458349061061,83.6563131602956,751,1.19665965612326,0.751,999
"Xestia_c-nigrum",72,217.29265718036,276.048733509707,8.97151477338808,1,-6.54918124903875,0.001,999
"Xiphinema",90,244.107543822222,275.985823116254,7.6903877608991,1,-4.14521091590635,0.001,999
"Xiphinema_aceri",1,NA,NA,NA,NA,NA,NA,999
"Xiphinema_americanum",194,252.146018220234,275.901676856996,4.58746743956446,1,-5.17838196122818,0.001,999
"Xiphinema_brevicolle",19,229.479110339181,276.349413927869,17.8921017050243,12,-2.61960860503752,0.012,999
"Xiphinema_californicum",20,243.828863115789,276.085543639297,17.382266316812,46,-1.85572352509116,0.046,999
"Xiphinema_diversicaudatum",53,242.511409946299,275.733601203616,10.4651715680435,3,-3.1745481706926,0.003,999
"Xiphinema_index",46,223.505821122705,276.029016144149,11.5904160160922,1,-4.53160567735619,0.001,999
"Xiphinema_insigne",21,255.505960152381,275.864482607179,17.1093871368684,119,-1.18990366469222,0.119,999
"Xiphinema_italiae",29,177.183526344828,275.507690730233,14.5682228681249,1,-6.74922159521167,0.001,999
"Xiphinema_mediterraneum",13,118.380805358974,276.124068215857,21.7825521879574,1,-7.24172546429575,0.001,999
"Xiphinema_melitense",17,164.909889676471,275.665302122917,19.6217092213427,1,-5.64453438775746,0.001,999
"Xiphinema_monohysterum",3,328.962630666667,274.84229762963,58.1719588723578,673,0.930350878432495,0.673,999
"Xiphinema_pachtaicum",44,230.48851344926,275.685256749375,11.6836976222946,2,-3.86835955201988,0.002,999
"Xiphinema_pyrenaicum",10,264.693521333333,274.411849776843,25.618341283752,334,-0.379350416791967,0.334,999
"Xiphinema_rivesi",20,228.536010994737,275.452126379364,17.8456026697679,10,-2.62900145502549,0.01,999
"Xiphinema_sp.",48,282.061427849291,275.995327494091,10.6544718473258,708,0.569347823348242,0.708,999
"Xiphinema_vuittenezi",24,233.009921402174,275.994615735268,15.4513012268339,6,-2.78194656243214,0.006,999
"Xyleborus_dispar",26,183.719655941538,275.962394285587,14.9132653378564,1,-6.18528110741089,0.001,999
"Xylella_fastidiosa",90,248.6372910799,276.079439513388,7.49823538031112,1,-3.65981421516125,0.001,999
"Xylophilus_ampelinus",1,NA,NA,NA,NA,NA,NA,999
"Xylosandrus_germanus",10,201.383821977778,276.174975098187,24.9705056963838,3,-2.99517975445889,0.003,999
"Xylotrechus_chinensis",10,104.964096488889,277.764190148593,25.3042030914948,1,-6.82890874037386,0.001,999
"Xylotrechus_pyrrhoderus",1,NA,NA,NA,NA,NA,NA,999
"Zaprionus_indianus",5,292.5152876,276.403142877878,40.8455218001214,666,0.39446539086873,0.666,999
"Zeuzera_coffeae",39,216.781323217274,275.888864666372,12.2879009301761,1,-4.81022281876837,0.001,999
"Zygina_nivea",1,NA,NA,NA,NA,NA,NA,999
"Zygina_rhamni",1,NA,NA,NA,NA,NA,NA,999
"Zygotylenchus_guevarai",33,180.289207594697,275.557154039316,13.2428574137279,1,-7.19391166636452,0.001,999
